[
    {
        "name": "Indianapolis Animal Care Services (IACS)",
        "address": "2600 S. Harding St., Indianapolis, IN 46221",
        "phone": "(317) 327-1397",
        "hours": "10 a.m. \u2013 6 p.m. (Mon, Tues, Thurs, Fri), closed Wed, Sat & Sun vary",
        "services": [
            "Pet adoption",
            "Emergency animal intake",
            "Lost & found animals",
            "Cruelty investigation"
        ],
        "website": "https://www.indy.gov/agency/animal-care-services"
    },
    {
        "name": "Humane Society of Indianapolis (IndyHumane)",
        "address": "7929 Michigan Rd., Indianapolis, IN 46268",
        "phone": "(317) 872-5650",
        "services": [
            "Emergency sheltering",
            "Adoption",
            "Fostering",
            "Veterinary clinic",
            "Lost pets"
        ],
        "website": "https://indyhumane.org"
    },
    {
        "name": "Friends of Indianapolis Animal Care Services Foundation",
        "address": "PO Box 24152, Indianapolis, IN 46224",
        "phone": "(317) 602-3423",
        "services": [
            "Medical emergencies assistance",
            "Foster care",
            "Pet reunification"
        ],
        "website": "https://www.friendsofindyanimals.org"
    },
    {
        "name": "Southside Animal Shelter",
        "address": "1614 W. Edgewood Ave., Indianapolis, IN 46217",
        "phone": "(317) 781-0755",
        "services": [
            "Animal rescue",
            "Emergency intake",
            "Adoption",
            "Fostering"
        ],
        "website": "https://ssasi.org"
    },
    {
        "name": "Heaven After Hell Rescue",
        "address": "6708 E. 200 S., Franklin, IN",
        "phone": "(317) 828-4000",
        "services": [
            "Emergency intake",
            "Foster care",
            "Pet rehoming",
            "Medical rescue"
        ],
        "website": "https://heavenafterhellrescue.org"
    },
    {
        "name": "Alliance for Responsible Pet Ownership (ARPO)",
        "address": "P.O. Box 6385, Fishers, IN 46038",
        "email": "arpo@adoptarpo.org",
        "services": [
            "Pet rescue",
            "Fostering",
            "Support for displaced pets during crises"
        ],
        "website": "https://www.adoptarpo.org"
    }
]