{
  "hospital_systems": [
    {
      "system_name": "Indiana University Health (IU Health)",
      "facilities": [
        {
          "name": "IU Health Methodist Hospital",
          "type": "Hospital",
          "address": "1701 Senate Blvd, Indianapolis, IN 46202-1239",
          "phone": "(317) 962-2000",
          "website": "https://iuhealth.org/",
          "notes": "Main hospital building, generally open 24/7 for hospital services. Office hours for administrative services often M-F 8 AM - 5 PM.",
          "specialties": ["General Hospital Services"]
        },
        {
          "name": "Riley Hospital for Children",
          "type": "Hospital",
          "address": "705 Riley Hospital Dr, Indianapolis, IN 46202-5109",
          "phone": "(317) 944-5000",
          "website": "https://iuhealth.org/",
          "notes": "Pediatric hospital, generally open 24/7 for hospital services. Office hours for administrative services often M-F 8 AM - 5 PM.",
          "specialties": ["Pediatric Care"]
        },
        {
          "name": "IU Health University Hospital",
          "type": "Hospital",
          "address": "550 N University Blvd, Indianapolis, IN 46202",
          "phone": "(317) 944-5000",
          "website": "https://iuhealth.org/find-locations/iu-health-university-hospital",
          "notes": "Open 24/7. Visiting hours may have specific guidelines; check with the care team. Cafes and bistros within the hospital have varying hours.",
          "specialties": ["General Hospital Services", "Academic Medical Center"]
        },
        {
          "name": "IU Health Neuroscience Center",
          "type": "Specialty Center",
          "address": "355 W 15th St, Indianapolis, IN 46202",
          "phone": "(317) 948-5450",
          "website": "https://iuhealth.org/find-locations/iu-health-neuroscience-center",
          "notes": "Combines comprehensive neurological services. Specific clinic hours may vary.",
          "specialties": ["Neurology", "Neurosurgery"]
        },
        {
          "name": "IU Health Simon Cancer Center",
          "type": "Specialty Center",
          "address": "1030 W Michigan St, Indianapolis, IN 46202 (part of the Indiana Cancer Pavilion)",
          "phone": "(317) 962-8442",
          "website": "https://iuhealth.org/",
          "notes": "Office Hours: 7:00 a.m. - 4:30 p.m.",
          "specialties": ["Oncology", "Cancer Treatment"]
        }
      ]
    },
    {
      "system_name": "Community Health Network",
      "facilities": [
        {
          "name": "Community Fairbanks Recovery Center",
          "type": "Specialty Hospital/Treatment Center",
          "address": "8102 Clearvista Pkwy, Indianapolis, IN 46256",
          "phone": "(317) 849-8222 or (800) 225-4673",
          "website": "http://www.ecommunity.com/fairbanks",
          "notes": "Office hours: Mon-Fri 8 AM - 9 PM; Sat and Sun 8 AM - 5 PM Eastern Time. Inpatient Detox Admission: Daily 24 hours.",
          "specialties": ["Addiction Treatment", "Recovery Services"]
        },
        {
          "name": "Community Heart and Vascular Hospital",
          "type": "Specialty Hospital",
          "address": "8075 N Shadeland Ave, Indianapolis, IN 46250",
          "phone": "(317) 621-8000",
          "website": "https://www.ecommunity.com/locations/community-heart-and-vascular-hospital",
          "notes": "Open 24/7. A facility of Community Hospital East.",
          "specialties": ["Cardiology", "Vascular Surgery"]
        },
        {
          "name": "Community Hospital East",
          "type": "Hospital",
          "address": "1500 North Ritter Avenue, Indianapolis, IN 46219",
          "phone": "(317) 355-1411",
          "website": "https://www.ecommunity.com/locations/community-hospital-east",
          "notes": "Open 24/7. Java City cafe in the lobby: Mon-Fri, 6:30 AM to 1 PM; Sat and Sun, closed.",
          "specialties": ["General Hospital Services"]
        },
        {
          "name": "Community Hospital North",
          "type": "Hospital",
          "address": "7150 Clearvista Pkwy, Indianapolis, IN 46256",
          "phone": "(317) 621-6262",
          "website": "https://www.ecommunity.com/",
          "notes": "Generally open 24/7 for hospital services. (This is a commonly listed address, but specific address might vary for different departments. Confirm on their site.)",
          "specialties": ["General Hospital Services"]
        },
        {
          "name": "Community Hospital South",
          "type": "Hospital",
          "address": "1402 E County Line Rd S, Indianapolis, IN 46227",
          "phone": "(317) 887-7000",
          "website": "https://www.ecommunity.com/",
          "notes": "Generally open 24/7 for hospital services. (This is a commonly listed address, but specific address might vary for different departments. Confirm on their site.)",
          "specialties": ["General Hospital Services"]
        },
        {
          "name": "Community Rehabilitation Hospital North",
          "type": "Rehabilitation Hospital",
          "address": "9401 Waldemar Rd, Indianapolis, IN 46268",
          "phone": "(317) 808-8800",
          "website": "https://www.ecommunity.com/",
          "notes": "Rehabilitation focus. Specific program hours may vary. (This is a commonly listed address, but specific address might vary for different departments. Confirm on their site.)",
          "specialties": ["Rehabilitation Services"]
        }
      ]
    },
    {
      "system_name": "Ascension St. Vincent Health",
      "facilities": [
        {
          "name": "Ascension St. Vincent Indianapolis Hospital",
          "type": "Hospital",
          "address": "2001 W 86th St, Indianapolis, IN 46260",
          "phone": "(317) 338-2345",
          "website": "https://healthcare.ascension.org/locations/indiana/inasc/indianapolis-ascension-st-vincent-hospital",
          "notes": "Open 24 hours a day, 7 days a week. Level I trauma center.",
          "specialties": ["General Hospital Services", "Trauma Care"]
        },
        {
          "name": "Peyton Manning Children's Hospital",
          "type": "Children's Hospital",
          "address": "2001 W 86th St, Indianapolis, IN 46260",
          "phone": "(317) 338-2345",
          "website": "https://healthcare.ascension.org/",
          "notes": "Located within the Ascension St. Vincent Indianapolis Hospital campus.",
          "specialties": ["Pediatric Care"]
        },
        {
          "name": "St. Vincent Seton Specialty Hospital",
          "type": "Specialty Hospital",
          "address": "8333 Naab Road, Indianapolis, IN 46260",
          "phone": "(317) 338-7900",
          "website": "https://healthcare.ascension.org/",
          "notes": "Specializes in long-term acute care. (Typically co-located or very near the main St. Vincent campus)",
          "specialties": ["Long-term Acute Care"]
        },
        {
          "name": "St. Vincent Women and Infants Hospital",
          "type": "Specialty Hospital",
          "address": "2001 W 86th St, Indianapolis, IN 46260",
          "phone": "(317) 338-2345",
          "website": "https://healthcare.ascension.org/",
          "notes": "Located within the Ascension St. Vincent Indianapolis Hospital campus.",
          "specialties": ["Women's Health", "Maternity", "Infant Care"]
        }
      ]
    },
    {
      "system_name": "Eskenazi Health",
      "facilities": [
        {
          "name": "Sidney & Lois Eskenazi Hospital",
          "type": "Hospital",
          "address": "720 Eskenazi Ave, Indianapolis, IN 46202",
          "phone": "(317) 880-0000",
          "website": "https://www.eskenazihealth.edu/",
          "notes": "Open 24/7. Serves Marion County residents, including uninsured/underinsured.",
          "specialties": ["General Hospital Services", "Community Health"]
        },
        {
          "name": "Michael & Susan Smith Emergency Department at Eskenazi Health",
          "type": "Emergency Department",
          "address": "720 Eskenazi Ave, Indianapolis, IN 46202",
          "phone": "(317) 880-0000 (Main switchboard) or (317) 880-7666 (Eskenazi Health Connections for non-emergency medical questions)",
          "website": "https://www.eskenazihealth.edu/contact",
          "notes": "Emergency department is open 24/7. For mental health emergencies, call 988 or (317) 880-8485. (Part of the main hospital)",
          "specialties": ["Emergency Care"]
        },
        {
          "name": "Sandra Eskenazi Mental Health Center",
          "type": "Mental Health Center",
          "address": "720 Eskenazi Ave, Indianapolis, IN 46202 (Various service locations, main campus address)",
          "phone": "(317) 880-8491",
          "website": "https://www.eskenazihealth.edu/",
          "notes": "Offers a range of behavioral health services. Crisis Intervention Unit hours: 8:30 AM – 11 PM. Emergency psychiatric services provided by crisis specialist clinicians from 11 PM - 8:30 AM.",
          "specialties": ["Mental Health", "Behavioral Health", "Crisis Intervention"]
        }
      ]
    },
    {
      "system_name": "Franciscan Health Indianapolis",
      "facilities": [
        {
          "name": "Franciscan Health Indianapolis",
          "type": "Hospital",
          "address": "8111 S Emerson Ave, Indianapolis, IN 46237",
          "phone": "(317) 528-5000",
          "website": "www.franciscanhealth.org/find-",
          "notes": "Generally open 24/7 for hospital services.",
          "specialties": ["General Hospital Services"]
        }
      ]
    },
    {
      "system_name": "OrthoIndy",
      "facilities": [
        {
          "name": "OrthoIndy Hospital Northwest",
          "type": "Specialty Hospital",
          "address": "8400 Northwest Blvd, Indianapolis, IN 46278",
          "phone": "(317) 802-2000",
          "website": "https://orthoindy.com/",
          "notes": "Specializes in orthopedic care. Specific surgery and clinic hours vary.",
          "specialties": ["Orthopedics", "Surgery"]
        }
      ]
    },
    {
      "system_name": "Veterans Health Administration",
      "facilities": [
        {
          "name": "Richard L. Roudebush VA Medical Center",
          "type": "Medical Center",
          "address": "1481 W 10th St, Indianapolis, IN 46202",
          "phone": "(317) 554-0000",
          "website": "https://www.va.gov/indianapolis-health-care/",
          "notes": "Provides healthcare services to eligible veterans. Hours for specific clinics and services will vary.",
          "specialties": ["Veteran Healthcare"]
        }
      ]
    },
    {
      "system_name": "ScionHealth",
      "facilities": [
        {
          "name": "Kindred Hospital Indianapolis",
          "type": "Long-term Acute Care Hospital",
          "address": "1701 Senate Blvd, Indianapolis, IN 46202",
          "phone": "(317) 962-8000",
          "website": "https://www.kindredhospitals.com/",
          "notes": "Long-term acute care hospital. (Likely co-located with IU Health Methodist)",
          "specialties": ["Long-term Acute Care"]
        },
        {
          "name": "Kindred Hospital Indianapolis North",
          "type": "Long-term Acute Care Hospital",
          "address": "8060 Knue Rd, Indianapolis, IN 46250-1942",
          "phone": "(317) 813-8900",
          "website": "https://www.kindredhospitals.com/locations/indiana/indianapolis-north/",
          "notes": "Long-term acute care hospital. Visiting hours: 8 AM to 8 PM, staff are flexible for patient and family needs. Cafeteria hours: Mon-Fri, 11:30 AM - 1:30 PM.",
          "specialties": ["Long-term Acute Care"]
        }
      ]
    },
    {
      "system_name": "Indiana Family and Social Services Administration",
      "facilities": [
        {
          "name": "NeuroDiagnostic Institute",
          "type": "Specialty Institute",
          "address": "5435 E 16th St, Indianapolis, IN 46218-4869",
          "phone": "(317) 232-7800",
          "website": "https://www.in.gov/fssa/dmha/",
          "notes": "Focuses on neurological evaluations and mental health services. Office Hours: Mon-Fri 8 AM - 4 PM. (General FSSA number, confirm direct NDI phone)",
          "specialties": ["Neurology", "Mental Health", "Diagnostic Services"]
        }
      ]
    }
  ],
  "clinics_and_urgent_care": [
    {
      "name": "IU Health Urgent Care - Downtown Indianapolis",
      "type": "Urgent Care Clinic",
      "address": "222 W Michigan St, Indianapolis, IN 46204",
      "phone": "(317) 779-0303",
      "website": "https://iuhealth.org/find-locations/iu-health-urgent-care-222-w-michigan-ave-downtown-indianapolis",
      "notes": "Hours: Mon-Fri 7 AM - 7 PM; Sat-Sun 9 AM - 3 PM. Offers walk-in and save-a-spot options. Also offers virtual visits (6 AM - 11 PM). Several other IU Health Urgent Care locations exist throughout Indianapolis with similar hours.",
      "specialties": ["Urgent Care"]
    },
    {
      "name": "Indiana Immediate Care",
      "type": "Urgent Care Clinic",
      "address": "860 E 86th St, Indianapolis, IN 46240 (Example location, they have multiple)",
      "phone": "(317) 843-0200",
      "website": "https://indianaimmediatecare.com/",
      "notes": "Hours vary by location, but generally Mon-Fri 9 AM - 9 PM; Sat-Sun 9 AM - 5 PM.",
      "specialties": ["Urgent Care"]
    },
    {
      "name": "The Little Clinic (Kroger)",
      "type": "Retail Clinic",
      "address": "Various Kroger locations across Indianapolis (e.g., 5242 W 38th St, Indianapolis, IN 46254 - check specific Kroger store)",
      "phone": "Varies by location, often listed on Kroger's website or in-store.",
      "website": "https://www.thelittleclinic.com/",
      "notes": "Walk-in clinics located inside select Kroger grocery stores. Hours typically align with store hours but can be more limited (e.g., Mon-Fri 8 AM - 8 PM, Sat-Sun 8 AM - 5 PM).",
      "specialties": ["Minor Illnesses", "Vaccinations", "Wellness Exams"]
    },
    {
      "name": "Gennesaret Free Clinics",
      "type": "Free Clinic",
      "address": "3001 E 30th St, Indianapolis, IN 46218 (Main clinic at St. Vincent de Paul Food Pantry)",
      "phone": "(800) 696-1511",
      "website": "www.gennesaret.org",
      "notes": "Provides free healthcare services. Medical Clinic hours: Mon 9 AM - 2 PM, Tue 9 AM - 12 PM, Wed 10 AM - 2 PM, Thu 9 AM - 12 PM (with additional 5 PM - 7 PM hours), Fri 8:30 AM - 12:30 PM. Walk-in hours also available on weekends.",
      "specialties": ["General Medical Care", "Dental Services", "Women's Health"]
    },
    {
      "name": "Indiana University Student Outreach Clinic",
      "type": "Free Clinic",
      "address": "3125 E 10th St, Suite D, Indianapolis, IN 46201",
      "phone": "(317) 225-1881",
      "website": "https://soc.iupui.edu/index.html",
      "notes": "Free clinic for uninsured and underserved. Hours: Every Wednesday 5 PM - 8 PM & Every Saturday 9:30 AM - 2 PM. Closed on major holidays.",
      "specialties": ["Primary Care", "Dental Services", "Social Services", "Legal Services"]
    }
  ]
}