[
    {
        "name": "Wheeler Mission Shelter for Men",
        "address": "520 E. Market St., Indianapolis, IN 46204",
        "phone": "(317) 687-6795",
        "services": [
            "Emergency shelter",
            "Meals",
            "Medical clinics",
            "Chapel services"
        ],
        "notes": "Open 24/7; check-in until 6:30 p.m. daily",
        "website": "https://wheelermission.org"
    },
    {
        "name": "Wheeler Mission Center for Women & Children",
        "address": "3208 E. Michigan St., Indianapolis, IN 46201",
        "phone": "(317) 687-3630",
        "services": [
            "Emergency shelter",
            "Addiction recovery",
            "Mental health support"
        ],
        "notes": "Open 24/7; serves women and children",
        "website": "https://wheelermission.org"
    },
    {
        "name": "Dayspring Center",
        "address": "1537 Central Ave., Indianapolis, IN 46202",
        "phone": "(317) 635-6780",
        "services": [
            "Emergency shelter",
            "Case management"
        ],
        "notes": "For families with children; 24-hour shelter",
        "website": "https://dayspringindy.org"
    },
    {
        "name": "Family Promise of Greater Indianapolis",
        "address": "1850 N. Arsenal Ave., Indianapolis, IN 46218",
        "phone": "(317) 261-1562",
        "services": [
            "Emergency shelter for families"
        ],
        "notes": "Intake by appointment; must have children",
        "website": "https://www.fpgi.org"
    },
    {
        "name": "Holy Family Shelter",
        "address": "907 N. Holmes Ave., Indianapolis, IN 46222",
        "phone": "(317) 635-7830",
        "services": [
            "Residential program",
            "Case management"
        ],
        "notes": "For single adults with children, married couples, or single pregnant women",
        "website": "https://www.archindy.org/cc/holyfamily/index.html"
    },
    {
        "name": "Good News Ministries",
        "address": "2716 E. Washington St., Indianapolis, IN 46201",
        "phone": "(317) 638-2862",
        "services": [
            "Emergency and long-term shelter",
            "Addiction counseling",
            "Job training"
        ],
        "notes": "For men 17+; intake daily 2\u20136 p.m.",
        "website": "https://www.goodnewsministries.com"
    },
    {
        "name": "Queen of Peace Shelter",
        "address": "2424 E. 10th St., Indianapolis, IN 46201",
        "phone": "(317) 916-6753",
        "services": [
            "Emergency shelter"
        ],
        "notes": "For women; intake 3:30\u20134:30 p.m. daily (except Thu and Sun)",
        "website": "https://www.marianresources.org/queen-of-peace-shelter"
    },
    {
        "name": "Children\u2019s Bureau Children\u2019s Shelter",
        "address": "1575 Dr. Martin Luther King Jr. St., Indianapolis, IN 46202",
        "phone": "(317) 634-5050",
        "services": [
            "Emergency shelter for endangered children",
            "Runaway",
            "Homeless youth"
        ],
        "notes": "For children newborn\u201317 years; walk-ins available",
        "website": "https://fireflyin.org"
    },
    {
        "name": "Salvation Army Ruth Lilly Women & Children's Center",
        "address": "540 N. Alabama St., Indianapolis, IN 46204",
        "phone": "(317) 637-5551",
        "services": [
            "Emergency shelter for women and children"
        ],
        "notes": "Intake 24/7; office hours 8 a.m.\u20134 p.m. Mon\u2013Fri",
        "website": "https://centralusa.salvationarmy.org/indiana/ruth-lilly-women-and-childrens-center/"
    }
]